"Product ID","Category","Niche","Product Title","Product Description","Suggested Retail Price","Supplier / Platform","Marketing Hook / Angle","Ad Script / Caption"
"1","POD Printable","SFW","Digital Productivity Planner","A fully customizable digital planner to organize your day, track goals, and boost productivity.","19.99","Shopify + Gumroad","Plan your day, reach your goals, maximize productivity!","Tired of disorganized days? Grab this digital planner and start winning at life today!"
"2","POD Printable","SFW","Habit Tracker PDF","Track daily habits, monitor progress, and build consistency with this printable habit tracker.","9.99","Shopify + Etsy","Consistency is key — track it easily!","Small habits, big results! Download your habit tracker PDF now."
"3","POD Printable","SFW","Meal Prep Recipe Cards","Printable recipe cards for easy meal prep, nutrition tracking, and weekly planning.","12.99","Etsy + Shopify","Cook smarter, prep faster!","Meal prep made easy — grab your printable recipe cards today."
"4","POD Printable","SFW","Fitness Tracker PDF","Track workouts, reps, and progress with this printable fitness tracker for all skill levels.","14.99","Gumroad","Your fitness journey, fully organized.","Hit your goals faster — download your fitness tracker now!"
"5","POD Printable","SFW","Wedding Invitation Template","Elegant, fully editable digital wedding invitation templates, ready for printing or sharing online.","24.99","Etsy","Make your wedding invite truly yours!","Your perfect wedding starts with your perfect invite — get the template now."
"6","POD Printable","SFW","Party Game Printables","Fun, interactive party games and decor printables for birthdays, holidays, and gatherings.","12.99","Shopify","Turn every party into an unforgettable event!","Bring fun to your party instantly — download your games today."
"7","POD Printable","SFW","Study / Revision Sheets","Printable study sheets to help students organize notes and prepare for exams.","9.99","Etsy","Ace your exams with organized notes!","Get top grades with organized study sheets — download now!"
"8","POD Printable","SFW","Language Flashcards","Customizable digital flashcards for learning a new language effectively.","14.99","Gumroad","Learn faster, remember longer!","Language learning made simple — grab your flashcards today."
"9","POD Printable","SFW","Printable Wall Art - Minimalist","High-resolution printable minimalist art to decorate your home or office.","9.99","Shopify + Etsy","Upgrade your walls instantly!","Transform your space with minimalist art — download today!"
"10","POD Printable","SFW","Budget Planner PDF","Printable digital budget tracker to manage income, expenses, and savings.","12.99","Gumroad","Take control of your finances!","Track your money effortlessly — download your budget planner."
"11","POD Printable","NSFW","Erotic Coloring Pages","Adult coloring pages featuring sensual designs, perfect for relaxation and creativity.","14.99","Gumroad","Relax, color, and embrace your sensual side.","Unwind with adult coloring — download your erotic pages now!"
"12","POD Printable","NSFW","Adult Party Game Printables","Fun and risqué party games designed for adult gatherings and bachelorette parties.","12.99","Shopify + Etsy","Make adult parties unforgettable!","Turn your adult party into a hit — download these game printables!"
"13","POD Printable","NSFW","Erotic Journals / Diaries","Printable erotic journals to explore fantasies, document intimacy, and boost creativity.","16.99","Gumroad","Explore your fantasies safely and privately.","Capture your desires in your private erotic journal — download today."
"14","POD Printable","NSFW","NSFW Tarot / Oracle Cards","Digital tarot or oracle card deck featuring adult-themed illustrations.","19.99","Etsy + Gumroad","Unlock mystical adult insights!","Experience adult tarot magic — download your deck now."
"15","POD Printable","NSFW","Kinky Checklists / Guides","Printable kink and fetish checklists or guides to safely explore desires.","12.99","Gumroad","Stay organized while exploring new pleasures.","Plan your fantasies safely — download your kinky guide now."
"16","3DPoD","SFW","Custom Mechanical Keyboard Keycaps","Personalized 3D-printed keycaps to give your keyboard a unique look and feel.","7.99","Shapeways / Treatstock / Printify 3DPoD","Upgrade your typing experience!","Make your keyboard stand out — order custom keycaps today."
"17","3DPoD","SFW","Desk Organizer 3D Print","3D-printed desk organizer to declutter your workspace in style.","24.99","Shapeways","Declutter with design!","Keep your desk neat and stylish — get your 3D desk organizer now."
"18","3DPoD","SFW","Mini Board Game Figurines","Custom 3D-printed mini figurines for board games and tabletop gaming.","9.99","Treatstock","Upgrade your game night!","Enhance your tabletop adventures with these mini figurines."
"19","3DPoD","SFW","3D-Printed Phone Stand","Customizable phone stand for desk, bedside, or travel use.","14.99","Printify 3DPoD","Hold your phone in style!","Make your phone stand out — order your 3D phone stand today."
"20","3DPoD","SFW","Custom Planters / Succulent Holders","3D-printed planters for succulents and small indoor plants.","22.99","Shapeways","Green up your space!","Decorate your desk or home with unique 3D-printed planters — order now."
"21","3DPoD","SFW","Custom Jewelry Pendants","3D-printed pendants and necklaces, fully customizable designs.","29.99","Treatstock","Wearable art, made for you!","Make a statement with 3D-printed jewelry — order your pendant today."
"22","3DPoD","SFW","Cosplay Accessories","3D-printed cosplay props and accessories for conventions or hobbyists.","34.99","Shapeways","Bring your cosplay to life!","Level up your costume — order 3D cosplay accessories today."
"23","3DPoD","SFW","Custom Chess Pieces","3D-printed chess pieces with unique designs.","24.99","Shapeways","Play in style!","Upgrade your chess set — order your 3D custom pieces now."
"24","3DPoD","SFW","Mini Desk Sculptures","3D-printed desk sculptures for decoration or gifts.","19.99","Printify 3DPoD","Decorate your workspace!","Bring art to your desk — order mini sculptures today."
"25","3DPoD","SFW","Geek Cookie Cutters","Custom 3D-printed cookie cutters for nerdy shapes and designs.","14.99","Treatstock","Bake with personality!","Make cookies fun — order your geek cookie cutters today."
"26","3DPoD","SFW","Custom Car Keychains","3D-printed keychains customized for cars, names, or logos.","12.99","Shapeways / Printify","Personalized keys, stylishly!","Upgrade your keys with custom 3D keychains — order now."
"27","3DPoD","NSFW","Custom Adult Toys 3D Print","Discreet 3D-printed adult toys designed for pleasure, fully customizable.","49.99","Treatstock (adult supplier)","Personalized pleasure delivered discreetly!","Explore new sensations safely — order your 3D-printed adult toy today."
"28","3DPoD","NSFW","NSFW Mini Erotic Figurines","3D-printed miniature erotic sculptures for collectors and adult enthusiasts.","29.99","Shapeways","Collect adult art like never before.","Expand your adult art collection — order your NSFW figurine now."
"29","3DPoD","NSFW","Custom Erotic Jewelry","3D-printed erotic-themed jewelry pieces for collectors.","29.99","Treatstock","Wear your desires!","Express yourself with erotic 3D-printed jewelry — order today."
"30","3DPoD","NSFW","Adult-Themed Dice Set","3D-printed dice featuring erotic symbols for games or parties.","19.99","Treatstock (adult supplier)","Make adult games exciting!","Roll into fun with erotic dice — order your set today."
"31","3DPoD","NSFW","Erotic Journals #31","Dice set for adult games and parties.","11.17","Etsy","Spice up your life now!","Download today and transform your routine!"
"32","POD Printable","SFW","3D Printed Geek Toys #32","Add style and organization to your workspace.","10.78","Gumroad","Spice up your life now!","Unleash your creativity now!"
"33","POD Printable","NSFW","NSFW Tarot Cards #33","Worksheets to explore fantasies safely.","42.72","Printify","Organize your desk beautifully!","Enhance your collection with unique designs!"
"34","3DPoD","SFW","Printable Wall Art #34","Elegant jewelry box for rings and small items.","46.69","Etsy + Gumroad","Spice up your life now!","Add excitement to your daily life!"
"35","3DPoD","NSFW","Printable Erotic Calendar #35","Spice up your relationship creatively.","11.61","Shopify","Express yourself creatively!","Unleash your creativity now!"
"36","POD Printable","SFW","3D Printed Mini Figurines #36","Track fitness and wellness goals easily.","42.44","Gumroad","Level up your adult experiences!","Get your custom product today!"
"37","POD Printable","NSFW","NSFW Sticker Pack #37","Spice up your relationship creatively.","27.93","Shopify + Etsy","Make life fun and organized!","Start organizing your life immediately!"
"38","3DPoD","SFW","Printable Recipe Organizer #38","Plan study sessions and ace your exams.","24.01","Etsy","Enhance your personal space!","Explore adult fun safely today!"
"39","3DPoD","NSFW","NSFW Sticker Pack #39","Mini erotic figurines for collectors.","42.63","Etsy + Gumroad","Express yourself creatively!","Enhance your collection with unique designs!"
"40","POD Printable","SFW","Printable Daily Planner #40","Fun and engaging design for planners and journals.","45.59","Printify","Upgrade your workspace instantly!","Start organizing your life immediately!"
"41","POD Printable","NSFW","Mini Erotic Figurines #41","Document intimate thoughts creatively.","36.75","Shopify","Relax and enjoy creativity!","Get your custom product today!"
"42","3DPoD","SFW","Printable Study Planner #42","Cosplay props for hobbyists and events.","42.97","Shapeways","Collect and play in style!","Make your space stylish instantly!"
"43","3DPoD","NSFW","Erotic Activity Cards #43","Tarot deck with adult-themed designs.","32.88","Printify","Make life fun and organized!","Grab yours now and see instant results!"
"44","POD Printable","SFW","Printable Goal Tracker #44","Geeky toys for fun collectors.","19.05","Shopify + Etsy","Level up your adult experiences!","Get your custom product today!"
"45","POD Printable","NSFW","Adult Dice Set #45","Document intimate thoughts creatively.","39.5","Gumroad","Boost your productivity today!","Add excitement to your daily life!"
"46","3DPoD","SFW","3D Printed Jewelry Box #46","Track fitness and wellness goals easily.","10.14","Treatstock (adult supplier)","Collect and play in style!","Grab yours now and see instant results!"
"47","3DPoD","NSFW","Adult Dice Set #47","Tarot deck with adult-themed designs.","27.62","Treatstock","Express yourself creatively!","Make your space stylish instantly!"
"48","POD Printable","SFW","Custom 3D Phone Dock #48","Geeky toys for fun collectors.","47.7","Gumroad","Level up your adult experiences!","Explore adult fun safely today!"
"49","POD Printable","NSFW","Adult Party Games #49","Adult-themed printable designed for fun and intimacy.","40.74","Treatstock (adult supplier)","Relax and enjoy creativity!","Make your space stylish instantly!"
"50","3DPoD","SFW","3D Printed Mini Figurines #50","Elegant jewelry box for rings and small items.","47.27","Shapeways / Printify","Relax and enjoy creativity!","Get your custom product today!"
"51","3DPoD","NSFW","Printable Erotic Calendar #51","Add a naughty twist to your journals and planners.","20.44","Treatstock","Relax and enjoy creativity!","Enhance your collection with unique designs!"
"52","POD Printable","SFW","Printable Study Planner #52","Plan personal goals effectively.","44.68","Gumroad","Level up your adult experiences!","Make your space stylish instantly!"
"53","POD Printable","NSFW","Erotic Jewelry 3D Print #53","3D-printed toys for personal pleasure.","40.63","Shapeways / Printify","Spice up your life now!","Get your custom product today!"
"54","3DPoD","SFW","Printable Budget Tracker #54","Plan study sessions and ace your exams.","44.81","Gumroad","Level up your adult experiences!","Add excitement to your daily life!"
"55","3DPoD","NSFW","Erotic Jewelry 3D Print #55","Adult party games for unforgettable nights.","17.85","Etsy","Boost your productivity today!","Unleash your creativity now!"
"56","POD Printable","SFW","3D Printed Plant Holder #56","Plan personal goals effectively.","30.2","Shapeways / Printify","Spice up your life now!","Download today and transform your routine!"
"57","POD Printable","NSFW","Adult Coloring Book PDF #57","Worksheets to explore fantasies safely.","12.82","Printify","Boost your productivity today!","Download today and transform your routine!"
"58","3DPoD","SFW","3D Printed Cosplay Props #58","Plan study sessions and ace your exams.","17.54","Shopify + Etsy","Enhance your personal space!","Make your space stylish instantly!"
"59","3DPoD","NSFW","NSFW Tarot Cards #59","Document intimate thoughts creatively.","47.55","Printify","Level up your adult experiences!","Make your space stylish instantly!"
"60","POD Printable","SFW","Digital Sticker Pack #60","Geeky toys for fun collectors.","20.2","Shopify","Boost your productivity today!","Explore adult fun safely today!"
"61","POD Printable","NSFW","Adult Coloring Book PDF #61","3D-printed toys for personal pleasure.","20.8","Etsy","Upgrade your workspace instantly!","Start organizing your life immediately!"
"62","3DPoD","SFW","3D Printed Plant Holder #62","Perfect for small indoor plants or succulents.","42.46","Shopify","Collect and play in style!","Add excitement to your daily life!"
"63","3DPoD","NSFW","Erotic Activity Cards #63","Add a naughty twist to your journals and planners.","14.99","Treatstock","Organize your desk beautifully!","Unleash your creativity now!"
"64","POD Printable","SFW","3D Printed Jewelry Box #64","Keep your desk and gadgets tidy.","14.9","Treatstock (adult supplier)","Boost your productivity today!","Enhance your collection with unique designs!"
"65","POD Printable","NSFW","Erotic Activity Cards #65","Adult party games for unforgettable nights.","39.66","Shapeways","Spice up your life now!","Grab yours now and see instant results!"
"66","3DPoD","SFW","Printable Daily Planner #66","Language flashcards for faster learning.","27.26","Gumroad","Spice up your life now!","Make your space stylish instantly!"
"67","3DPoD","NSFW","Mini Erotic Figurines #67","Dice set for adult games and parties.","39.72","Treatstock (adult supplier)","Enhance your personal space!","Start organizing your life immediately!"
"68","POD Printable","SFW","Printable Recipe Organizer #68","Add style and organization to your workspace.","15.41","Etsy","Upgrade your workspace instantly!","Make your space stylish instantly!"
"69","POD Printable","NSFW","Erotic Jewelry 3D Print #69","Tarot deck with adult-themed designs.","14.92","Treatstock","Upgrade your workspace instantly!","Start organizing your life immediately!"
"70","3DPoD","SFW","Printable Study Planner #70","Plan personal goals effectively.","13.99","Treatstock","Express yourself creatively!","Get your custom product today!"
"71","3DPoD","NSFW","Kinky Challenge Worksheet #71","Document intimate thoughts creatively.","47.45","Shopify","Collect and play in style!","Get your custom product today!"
"72","POD Printable","SFW","Printable Language Flashcards #72","Enhance your tabletop gaming experience.","37.94","Treatstock","Express yourself creatively!","Make your space stylish instantly!"
"73","POD Printable","NSFW","Mini Erotic Figurines #73","3D-printed toys for personal pleasure.","15.65","Treatstock","Upgrade your workspace instantly!","Explore adult fun safely today!"
"74","3DPoD","SFW","3D Printed Geek Toys #74","Cosplay props for hobbyists and events.","30.26","Etsy","Organize your desk beautifully!","Perfect for gifting or personal use!"
"75","3DPoD","NSFW","Erotic Jewelry 3D Print #75","Mini erotic figurines for collectors.","15.75","Treatstock (adult supplier)","Express yourself creatively!","Enhance your collection with unique designs!"
"76","POD Printable","SFW","Custom 3D Keychains #76","Printable art for creative home decoration.","42.24","Shapeways","Boost your productivity today!","Add excitement to your daily life!"
"77","POD Printable","NSFW","NSFW Sticker Pack #77","Calendar filled with erotic prompts for couples.","30.88","Shopify","Organize your desk beautifully!","Explore adult fun safely today!"
"78","3DPoD","SFW","3D Printed Jewelry Box #78","Plan study sessions and ace your exams.","40.67","Printify","Express yourself creatively!","Grab yours now and see instant results!"
"79","3DPoD","NSFW","Mini Erotic Figurines #79","Calendar filled with erotic prompts for couples.","17.87","Etsy","Level up your adult experiences!","Unleash your creativity now!"
"80","POD Printable","SFW","Printable Study Planner #80","Unique chess pieces for game enthusiasts.","29.11","Shapeways","Boost your productivity today!","Enhance your collection with unique designs!"
"81","POD Printable","NSFW","Erotic Jewelry 3D Print #81","Spice up your relationship creatively.","18.61","Shapeways","Collect and play in style!","Start organizing your life immediately!"
"82","3DPoD","SFW","3D Printed Geek Toys #82","Printable art for creative home decoration.","32.33","Treatstock","Make life fun and organized!","Grab yours now and see instant results!"
"83","3DPoD","NSFW","Adult Dice Set #83","Calendar filled with erotic prompts for couples.","11.9","Printify","Upgrade your workspace instantly!","Unleash your creativity now!"
"84","POD Printable","SFW","3D Printed Geek Toys #84","Enhance your tabletop gaming experience.","12.22","Printify","Enhance your personal space!","Unleash your creativity now!"
"85","POD Printable","NSFW","NSFW Sticker Pack #85","Adult-themed printable designed for fun and intimacy.","23.52","Shopify","Upgrade your workspace instantly!","Enhance your collection with unique designs!"
"86","3DPoD","SFW","Printable Budget Tracker #86","Customizable keychains to express your personality.","22.34","Printify","Organize your desk beautifully!","Enhance your collection with unique designs!"
"87","3DPoD","NSFW","Kinky Challenge Worksheet #87","Wearable adult-themed jewelry.","42.58","Gumroad","Upgrade your workspace instantly!","Perfect for gifting or personal use!"
"88","POD Printable","SFW","Digital Sticker Pack #88","Enhance your tabletop gaming experience.","19.91","Treatstock (adult supplier)","Enhance your personal space!","Make your space stylish instantly!"
"89","POD Printable","NSFW","Printable Erotic Calendar #89","Calendar filled with erotic prompts for couples.","17.09","Etsy","Spice up your life now!","Download today and transform your routine!"
"90","3DPoD","SFW","Custom 3D Keychains #90","Keep your desk and gadgets tidy.","42.7","Treatstock (adult supplier)","Level up your adult experiences!","Get your custom product today!"
"91","3DPoD","NSFW","Adult Dice Set #91","Document intimate thoughts creatively.","17.05","Printify","Upgrade your workspace instantly!","Explore adult fun safely today!"
"92","POD Printable","SFW","3D Printed Jewelry Box #92","Elegant jewelry box for rings and small items.","36.43","Etsy + Gumroad","Boost your productivity today!","Perfect for gifting or personal use!"
"93","POD Printable","NSFW","Adult Party Games #93","Wearable adult-themed jewelry.","33.02","Printify","Relax and enjoy creativity!","Enhance your collection with unique designs!"
"94","3DPoD","SFW","Custom 3D Phone Dock #94","3D desk decor for stylish workspaces.","12.79","Shopify","Boost your productivity today!","Grab yours now and see instant results!"
"95","3DPoD","NSFW","Printable Erotic Calendar #95","3D-printed toys for personal pleasure.","17.81","Shapeways","Organize your desk beautifully!","Perfect for gifting or personal use!"
"96","POD Printable","SFW","3D Printed Jewelry Box #96","Cosplay props for hobbyists and events.","38.15","Shopify + Etsy","Spice up your life now!","Perfect for gifting or personal use!"
"97","POD Printable","NSFW","Erotic Jewelry 3D Print #97","Adult-themed printable designed for fun and intimacy.","42.97","Shopify + Etsy","Enhance your personal space!","Get your custom product today!"
"98","3DPoD","SFW","Printable Fitness Journal #98","3D desk decor for stylish workspaces.","48.84","Printify","Boost your productivity today!","Grab yours now and see instant results!"
"99","3DPoD","NSFW","Custom Adult Toys 3D Print #99","Dice set for adult games and parties.","42.11","Shapeways","Level up your adult experiences!","Perfect for gifting or personal use!"
"100","POD Printable","SFW","3D Printed Desk Decor #100","Geeky toys for fun collectors.","28.53","Treatstock (adult supplier)","Boost your productivity today!","Get your custom product today!"
"101","POD Printable","NSFW","Erotic Jewelry 3D Print #101","Mini erotic figurines for collectors.","22.61","Shopify + Etsy","Enhance your personal space!","Unleash your creativity now!"
"102","3DPoD","SFW","3D Printed Pen Holder #102","Unique chess pieces for game enthusiasts.","32.32","Printify","Organize your desk beautifully!","Get your custom product today!"
"103","3DPoD","NSFW","Mini Erotic Figurines #103","Spice up your relationship creatively.","42.19","Shapeways","Upgrade your workspace instantly!","Perfect for gifting or personal use!"
"104","POD Printable","SFW","Printable Study Planner #104","3D desk decor for stylish workspaces.","13.15","Treatstock (adult supplier)","Express yourself creatively!","Grab yours now and see instant results!"
"105","POD Printable","NSFW","Adult Dice Set #105","Wearable adult-themed jewelry.","11.7","Etsy","Level up your adult experiences!","Explore adult fun safely today!"
"106","3DPoD","SFW","Printable Budget Tracker #106","Organize meals and shopping efficiently.","47.25","Printify","Express yourself creatively!","Start organizing your life immediately!"
"107","3DPoD","NSFW","NSFW Sticker Pack #107","Spice up your relationship creatively.","13.35","Shapeways","Upgrade your workspace instantly!","Grab yours now and see instant results!"
"108","POD Printable","SFW","3D Printed Chess Set #108","Decorate your home or office instantly with minimal effort.","34.95","Treatstock (adult supplier)","Level up your adult experiences!","Start organizing your life immediately!"
"109","POD Printable","NSFW","Adult Coloring Book PDF #109","Wearable adult-themed jewelry.","13.16","Etsy","Level up your adult experiences!","Add excitement to your daily life!"
"110","3DPoD","SFW","3D Printed Cosplay Props #110","Add style and organization to your workspace.","31.14","Treatstock (adult supplier)","Make life fun and organized!","Explore adult fun safely today!"
"111","3DPoD","NSFW","NSFW Tarot Cards #111","Mini erotic figurines for collectors.","48.54","Gumroad","Spice up your life now!","Perfect for gifting or personal use!"
"112","POD Printable","SFW","3D Printed Plant Holder #112","Elegant jewelry box for rings and small items.","31.69","Gumroad","Express yourself creatively!","Get your custom product today!"
"113","POD Printable","NSFW","NSFW Sticker Pack #113","Adult party games for unforgettable nights.","23.71","Etsy + Gumroad","Collect and play in style!","Enhance your collection with unique designs!"
"114","3DPoD","SFW","3D Printed Mini Figurines #114","Enhance your tabletop gaming experience.","15.43","Gumroad","Make life fun and organized!","Explore adult fun safely today!"
"115","3DPoD","NSFW","Adult Coloring Book PDF #115","Adult party games for unforgettable nights.","36.11","Shopify + Etsy","Spice up your life now!","Download today and transform your routine!"
"116","POD Printable","SFW","Printable Fitness Journal #116","Plan personal goals effectively.","35.13","Etsy + Gumroad","Collect and play in style!","Unleash your creativity now!"
"117","POD Printable","NSFW","Adult Dice Set #117","Mini erotic figurines for collectors.","41.3","Treatstock (adult supplier)","Relax and enjoy creativity!","Unleash your creativity now!"
"118","3DPoD","SFW","3D Printed Desk Decor #118","Geeky toys for fun collectors.","47.04","Treatstock (adult supplier)","Enhance your personal space!","Start organizing your life immediately!"
"119","3DPoD","NSFW","NSFW Sticker Pack #119","Document intimate thoughts creatively.","29.6","Etsy + Gumroad","Organize your desk beautifully!","Perfect for gifting or personal use!"
"120","POD Printable","SFW","Printable Language Flashcards #120","Customizable keychains to express your personality.","42.75","Shapeways / Printify","Make life fun and organized!","Get your custom product today!"
"121","POD Printable","NSFW","Printable Erotic Calendar #121","Calendar filled with erotic prompts for couples.","11.38","Etsy + Gumroad","Make life fun and organized!","Enhance your collection with unique designs!"
"122","3DPoD","SFW","Digital Sticker Pack #122","Language flashcards for faster learning.","27.62","Printify","Express yourself creatively!","Perfect for gifting or personal use!"
"123","3DPoD","NSFW","Adult Coloring Book PDF #123","Spice up your relationship creatively.","41.73","Shapeways / Printify","Spice up your life now!","Make your space stylish instantly!"
"124","POD Printable","SFW","Printable Daily Planner #124","Decorate your home or office instantly with minimal effort.","36.82","Treatstock","Level up your adult experiences!","Perfect for gifting or personal use!"
"125","POD Printable","NSFW","Printable Erotic Calendar #125","Wearable adult-themed jewelry.","40.73","Shapeways / Printify","Organize your desk beautifully!","Perfect for gifting or personal use!"
"126","3DPoD","SFW","Printable Budget Tracker #126","Geeky toys for fun collectors.","25.71","Etsy + Gumroad","Make life fun and organized!","Add excitement to your daily life!"
"127","3DPoD","NSFW","NSFW Sticker Pack #127","Document intimate thoughts creatively.","37.5","Shapeways / Printify","Relax and enjoy creativity!","Unleash your creativity now!"
"128","POD Printable","SFW","Printable Goal Tracker #128","Language flashcards for faster learning.","16.91","Printify","Make life fun and organized!","Unleash your creativity now!"
"129","POD Printable","NSFW","Erotic Activity Cards #129","Document intimate thoughts creatively.","38.98","Etsy","Make life fun and organized!","Make your space stylish instantly!"
"130","3DPoD","SFW","Printable Budget Tracker #130","High-quality printable to help organize your life efficiently.","38.28","Printify","Collect and play in style!","Start organizing your life immediately!"
"131","3DPoD","NSFW","Adult Coloring Book PDF #131","Document intimate thoughts creatively.","23.86","Shapeways / Printify","Organize your desk beautifully!","Perfect for gifting or personal use!"
"132","POD Printable","SFW","3D Printed Desk Decor #132","Cosplay props for hobbyists and events.","31.37","Printify","Boost your productivity today!","Enhance your collection with unique designs!"
"133","POD Printable","NSFW","NSFW Tarot Cards #133","Calendar filled with erotic prompts for couples.","20.11","Gumroad","Spice up your life now!","Unleash your creativity now!"
"134","3DPoD","SFW","3D Printed Mini Figurines #134","Geeky toys for fun collectors.","40.29","Shapeways / Printify","Organize your desk beautifully!","Enhance your collection with unique designs!"
"135","3DPoD","NSFW","Kinky Challenge Worksheet #135","Mini erotic figurines for collectors.","30.32","Etsy + Gumroad","Upgrade your workspace instantly!","Unleash your creativity now!"
"136","POD Printable","SFW","Printable Fitness Journal #136","Enhance your tabletop gaming experience.","49.75","Etsy","Relax and enjoy creativity!","Make your space stylish instantly!"
"137","POD Printable","NSFW","Kinky Challenge Worksheet #137","Calendar filled with erotic prompts for couples.","45.72","Treatstock","Organize your desk beautifully!","Start organizing your life immediately!"
"138","3DPoD","SFW","Custom 3D Phone Dock #138","3D desk decor for stylish workspaces.","45.04","Etsy","Organize your desk beautifully!","Start organizing your life immediately!"
"139","3DPoD","NSFW","Erotic Activity Cards #139","Tarot deck with adult-themed designs.","17.78","Shapeways / Printify","Enhance your personal space!","Make your space stylish instantly!"
"140","POD Printable","SFW","Printable Study Planner #140","Organize meals and shopping efficiently.","20.12","Treatstock (adult supplier)","Make life fun and organized!","Download today and transform your routine!"
"141","POD Printable","NSFW","Adult Dice Set #141","Adult party games for unforgettable nights.","22.44","Shopify","Relax and enjoy creativity!","Perfect for gifting or personal use!"
"142","3DPoD","SFW","3D Printed Cosplay Props #142","Enhance your tabletop gaming experience.","26.84","Treatstock","Level up your adult experiences!","Get your custom product today!"
"143","3DPoD","NSFW","Erotic Activity Cards #143","Worksheets to explore fantasies safely.","11.69","Shopify + Etsy","Spice up your life now!","Explore adult fun safely today!"
"144","POD Printable","SFW","Digital Sticker Pack #144","Track fitness and wellness goals easily.","24.74","Printify","Boost your productivity today!","Start organizing your life immediately!"
"145","POD Printable","NSFW","Mini Erotic Figurines #145","Mini erotic figurines for collectors.","23.1","Shapeways / Printify","Make life fun and organized!","Perfect for gifting or personal use!"
"146","3DPoD","SFW","3D Printed Geek Toys #146","High-quality printable to help organize your life efficiently.","13.2","Treatstock (adult supplier)","Collect and play in style!","Unleash your creativity now!"
"147","3DPoD","NSFW","Kinky Challenge Worksheet #147","Spice up your relationship creatively.","14.9","Shapeways","Collect and play in style!","Explore adult fun safely today!"
"148","POD Printable","SFW","3D Printed Desk Decor #148","Enhance your tabletop gaming experience.","46.34","Treatstock","Organize your desk beautifully!","Download today and transform your routine!"
"149","POD Printable","NSFW","Adult Party Games #149","Tarot deck with adult-themed designs.","25.97","Etsy + Gumroad","Level up your adult experiences!","Get your custom product today!"
"150","3DPoD","SFW","3D Printed Chess Set #150","Customizable keychains to express your personality.","29.18","Treatstock (adult supplier)","Spice up your life now!","Unleash your creativity now!"
